Employee_ID,Name,Mobile,Bank_Acc,Department,Salary
EMP0355,Rekha Sharma,+91-9977809728,743635431661,IT,73289
EMP0389,Priya Patel,+91-9913517362,489781864369,IT,30156
EMP0493,Vikram Verma,+91-9827615347,380168166730,Operations,61709
EMP0362,Rekha Reddy,+91-9842125978,125218347506,Operations,83425
EMP0226,Neha Desai,+91-9929641530,246730637933,HR,35841
EMP0120,Suresh Iyer,+91-9843908680,776596673054,IT,72769
EMP0173,Neha Gupta,+91-9966212642,190779274529,Finance,55434
EMP0080,Rajesh Mehta,+91-9957400285,904211385657,Operations,26715
EMP0256,Rajesh Kumar,+91-9994145335,344805427380,Operations,41131
EMP0252,Sneha Reddy,+91-9754918381,837923967615,Sales,59459
EMP0450,Vikram Menon,+91-9819215536,309592209742,Operations,32933
EMP0062,Neha Sharma,+91-9920777306,604675062787,HR,72797
EMP0205,Rahul Joshi,+91-9793954070,104602484179,IT,28754
EMP0143,Sneha Menon,+91-9828959970,896222946068,Sales,75045
EMP0240,Pooja Desai,+91-9859579007,645116891961,Finance,80972
EMP0433,Priya Reddy,+91-9793341574,854360599612,Admin,34817
EMP0482,Anjali Sharma,+91-9749641259,540347435946,IT,36720
EMP0105,Arjun Singh,+91-9849034368,846708275084,Operations,76143
EMP0429,Pooja Rao,+91-9999572432,274753382809,Finance,45791
EMP0298,Rajesh Gupta,+91-9993386331,465599897729,Operations,32841
EMP0054,Deepika Nair,+91-9851250173,843025022306,Sales,76805
EMP0065,Sneha Nair,+91-9753594436,478497081803,Operations,81702
EMP0365,Pooja Menon,+91-9761456593,401449664822,IT,84013
EMP0368,Priya Rao,+91-9921766694,414777106816,Admin,60603
EMP0192,Sanjay Joshi,+91-9994855027,780921969407,HR,41923
EMP0089,Vikram Patel,+91-9747594994,856315932321,Sales,26321
EMP0336,Rahul Iyer,+91-9910541774,352668552251,Sales,61809
EMP0214,Vikram Joshi,+91-9866632078,193636884152,Operations,82314
EMP0217,Rajesh Menon,+91-9815625840,354912975452,HR,75543
EMP0041,Arjun Reddy,+91-9934271155,326251013404,Admin,54601
EMP0496,Arjun Rao,+91-9876070663,822246861441,IT,64208
EMP0497,Manoj Menon,+91-9817750441,822246861441,Operations,59252
EMP0208,Neha Gupta,+91-9840611876,852895389433,Admin,40802
EMP0180,Rajesh Singh,+91-9966859021,329261997757,Admin,75585
EMP0112,Suresh Patel,+91-9721502798,581556394806,Sales,29831
EMP0305,Vikram Joshi,+91-9840529334,979115441882,IT,32704
EMP0011,Anjali Singh,+91-9942639647,940907351444,IT,83574
EMP0420,Rahul Gupta,+91-9967341681,395635893671,Finance,63731
EMP0072,Priya Rao,+91-9870587576,857947089577,Finance,84798
EMP0278,Neha Pillai,+91-9854619270,711235808190,IT,26131
EMP0119,Arjun Kulkarni,+91-9730739018,175185005759,Finance,73721
EMP0402,Rekha Gupta,+91-9724420257,465568816120,HR,74624
EMP0375,Rahul Mehta,+91-9794518663,456096771344,Finance,39840
EMP0485,Manoj Kulkarni,+91-9885182372,902928609185,Operations,60438
EMP0013,Rajesh Patel,+91-9830920702,594524149373,Admin,43060
EMP0144,Manoj Nair,+91-9812683288,526666359643,Finance,67236
EMP0145,Rahul Joshi,+91-9765491134,773452815017,Finance,26144
EMP0464,Priya Sharma,+91-9983907961,725367589421,Admin,56487
EMP0459,Priya Nair,+91-9970716648,368953301830,HR,64779
EMP0404,Vikram Iyer,+91-9835590055,117592193324,HR,66484
EMP0437,Manoj Rao,+91-9840442274,845267973372,HR,34990
EMP0006,Rekha Pillai,+91-9790633229,126944581704,HR,61621
EMP0296,Sneha Kulkarni,+91-9770718949,586114661589,Finance,58613
EMP0428,Neha Pillai,+91-9893307110,821454185830,Operations,49941
EMP0370,Pooja Reddy,+91-9786280885,175527917862,HR,58309
EMP0215,Rajesh Rao,+91-9772361044,285722445833,IT,51123
EMP0421,Priya Singh,+91-9756529629,684836018488,IT,54663
EMP0056,Pooja Kulkarni,+91-9895403255,483255603496,Admin,81799
EMP0163,Deepika Singh,+91-9869836618,504851573016,Finance,32674
EMP0289,Rajesh Gupta,+91-9946475486,163985691445,Operations,29272
EMP0197,Rekha Sharma,+91-9950806771,683365737925,Operations,64134
EMP0175,Amit Desai,+91-9767029318,176983749618,HR,49477
EMP0109,Neha Nair,+91-9736539930,980521528084,Sales,82984
EMP0222,Anjali Menon,+91-9858383804,833873282319,Finance,46924
EMP0116,Deepika Sharma,+91-9899783349,599250319445,Sales,59176
EMP0385,Manoj Iyer,+91-9819637166,852423215018,Sales,64212
EMP0022,Kavita Kumar,+91-9853368613,517296066216,HR,64980
EMP0221,Rajesh Pillai,+91-9858359773,156856391752,IT,46539
EMP0308,Vikram Verma,+91-9742630017,893604917584,IT,69813
EMP0075,Suresh Kulkarni,+91-9992891060,499700482148,IT,80326
EMP0171,Vikram Menon,+91-9945097918,336077348611,HR,44666
EMP0384,Rajesh Pillai,+91-9780108880,164963248898,Admin,57682
EMP0361,Priya Verma,+91-9794314289,691164527800,Admin,49751
EMP0003,Manoj Gupta,+91-9997958951,417919963279,Finance,43033
EMP0409,Amit Desai,+91-9848921144,364232922408,HR,60194
EMP0154,Pooja Desai,+91-9778842137,992601318007,Operations,30178
EMP0467,Neha Nair,+91-9821053729,933750778491,Finance,38754
EMP0490,Neha Pillai,+91-9873815896,495386062670,Operations,39268
EMP0082,Amit Patel,+91-9940959038,229551876597,Finance,44217
EMP0358,Pooja Gupta,+91-9997635810,213388122220,Sales,70838
EMP0168,Pooja Mehta,+91-9994916143,883447101846,Sales,78895
EMP0146,Arjun Desai,+91-9851193427,690807443131,Finance,46910
EMP0093,Manoj Rao,+91-9958958990,361510156670,HR,76543
EMP0274,Amit Verma,+91-9817045402,778098777293,Finance,59524
EMP0494,Amit Pillai,+91-9827615347,144995444153,IT,72863
EMP0101,Sanjay Gupta,+91-9827315928,115864037001,IT,39436
EMP0333,Suresh Kumar,+91-9818693805,101673422175,IT,75829
EMP0458,Deepika Kumar,+91-9756149146,676632519347,Sales,56464
EMP0465,Rekha Mehta,+91-9926401271,577984977097,Operations,44857
EMP0484,Deepika Kumar,+91-9819882532,399455725603,IT,26788
EMP0156,Rahul Kulkarni,+91-9777131287,339542359861,IT,35897
EMP0302,Arjun Rao,+91-9876899199,829468438755,Operations,56865
EMP0324,Sanjay Menon,+91-9791170642,951617802646,Sales,35712
EMP0332,Sneha Menon,+91-9779651280,200882486369,IT,66807
EMP0086,Suresh Kulkarni,+91-9994763201,668862977881,IT,70098
EMP0092,Priya Gupta,+91-9727227346,489872891416,Sales,84658
EMP0077,Kavita Menon,+91-9830501336,244948991965,IT,67594
EMP0410,Suresh Singh,+91-9785610834,910834158357,Sales,75607
EMP0414,Amit Sharma,+91-9987730907,576942701686,Admin,54738
EMP0380,Priya Joshi,+91-9739588486,588271661581,Sales,33208
EMP0046,Deepika Iyer,+91-9815506670,428529018846,Finance,70676
EMP0284,Rajesh Desai,+91-9949029211,835300143171,IT,42816
EMP0424,Pooja Pillai,+91-9959068928,671125854675,HR,46243
EMP0273,Pooja Desai,+91-9755437740,305810956828,HR,66632
EMP0150,Manoj Mehta,+91-9714954115,583104617046,Sales,43845
EMP0323,Sanjay Kulkarni,+91-9739996225,798511075582,Finance,67941
EMP0169,Rekha Gupta,+91-9962813547,960811106709,Admin,37357
EMP0300,Rajesh Menon,+91-9794325375,371836041124,IT,69306
EMP0455,Neha Kumar,+91-9883920850,464448918303,Finance,52134
EMP0297,Arjun Menon,+91-9976350179,474206116536,Finance,58535
EMP0286,Sneha Desai,+91-9740609699,490526899594,Finance,73435
EMP0183,Priya Verma,+91-9752538366,239189517790,Operations,65123
EMP0500,Kavita Kumar,+91-9813349284,416989654636,IT,57098
EMP0403,Rajesh Iyer,+91-9955900414,733830124233,Admin,54680
EMP0257,Suresh Kumar,+91-9745087855,470330998723,Finance,76916
EMP0031,Rahul Pillai,+91-9744839876,764360285905,Operations,77529
EMP0366,Rajesh Kulkarni,+91-9820931711,999705914036,HR,62272
EMP0228,Kavita Menon,+91-9948401798,588079355135,Operations,60998
EMP0188,Sneha Reddy,+91-9893872746,464638084132,Operations,69859
EMP0313,Suresh Desai,+91-9838755338,641382454466,Sales,60103
EMP0153,Neha Mehta,+91-9955333036,946875397265,HR,68348
EMP0472,Arjun Verma,+91-9927074798,372571109781,HR,58667
EMP0346,Vikram Kumar,+91-9998729770,202347555210,IT,49420
EMP0004,Pooja Desai,+91-9795192989,158267057122,Finance,59958
EMP0292,Priya Joshi,+91-9893723601,485678547876,Operations,84678
EMP0443,Sanjay Pillai,+91-9792993100,351984123053,Sales,62385
EMP0435,Deepika Kumar,+91-9840440190,654104032430,IT,36512
EMP0027,Anjali Patel,+91-9898591528,566215126481,IT,68561
EMP0382,Sneha Mehta,+91-9871812680,988116779350,Admin,79448
EMP0301,Vikram Gupta,+91-9870503338,795015125970,Sales,68375
EMP0372,Priya Kumar,+91-9736168388,209484338279,Finance,51788
EMP0030,Rahul Patel,+91-9837720876,341010039834,IT,71162
EMP0099,Manoj Nair,+91-9926667878,341096536903,Sales,31429
EMP0386,Sanjay Kulkarni,+91-9873003976,122786222528,Sales,27213
EMP0350,Sneha Iyer,+91-9723893156,240396429771,Operations,62736
EMP0155,Sneha Menon,+91-9934067397,328899457606,Operations,34014
EMP0185,Deepika Menon,+91-9854951452,701589162137,Admin,59894
EMP0495,Rajesh Gupta,+91-9876070663,144995444153,Operations,70215
EMP0405,Anjali Sharma,+91-9844901979,233253444926,IT,34739
EMP0218,Deepika Sharma,+91-9830493440,968242849881,Admin,26445
EMP0111,Sanjay Singh,+91-9929710991,293139516885,Operations,42381
EMP0170,Rahul Kumar,+91-9879303352,622337645100,Admin,53817
EMP0179,Neha Gupta,+91-9889858841,886527442077,Operations,70142
EMP0139,Rajesh Joshi,+91-9853530738,446433674080,IT,55659
EMP0174,Amit Reddy,+91-9890201040,857632721095,Admin,62362
EMP0395,Sanjay Iyer,+91-9710895472,855186674725,IT,57510
EMP0354,Kavita Pillai,+91-9914563293,153107916918,Sales,33873
EMP0083,Rahul Sharma,+91-9713696586,425186398135,IT,62480
EMP0225,Deepika Reddy,+91-9992915886,500803287143,Sales,45971
EMP0479,Vikram Pillai,+91-9821466754,199108567971,HR,69412
EMP0317,Amit Rao,+91-9973085108,164119349926,Operations,68823
EMP0325,Neha Iyer,+91-9797416440,289533735950,HR,33281
EMP0172,Suresh Verma,+91-9746355488,353342546905,HR,78537
EMP0282,Rajesh Desai,+91-9727881389,514783332366,IT,46965
EMP0137,Pooja Verma,+91-9981578494,410874815730,Sales,76528
EMP0117,Suresh Menon,+91-9776293938,836515158396,HR,81542
EMP0071,Sanjay Mehta,+91-9861861499,518245504643,HR,78467
EMP0125,Sneha Menon,+91-9891079340,290312594448,Admin,42460
EMP0110,Rekha Rao,+91-9941049085,863664527510,Finance,46793
EMP0452,Neha Sharma,+91-9847564322,906391195958,HR,59309
EMP0412,Sneha Iyer,+91-9951644326,688415523820,Sales,71725
EMP0059,Anjali Kulkarni,+91-9929534079,970778034132,HR,57397
EMP0456,Anjali Desai,+91-9949307487,440180945363,Admin,50180
EMP0352,Vikram Menon,+91-9963779840,711346167534,Sales,50862
EMP0242,Rahul Gupta,+91-9914156283,620752412155,Sales,62637
EMP0463,Sneha Desai,+91-9742909115,543627294462,HR,35480
EMP0423,Anjali Nair,+91-9916076594,633615957496,HR,29265
EMP0140,Manoj Sharma,+91-9925149281,167250161610,Admin,33423
EMP0275,Kavita Desai,+91-9735523647,518194912211,HR,56094
EMP0377,Arjun Nair,+91-9987062047,250352045584,IT,50290
EMP0042,Vikram Gupta,+91-9716085550,466666776679,IT,50967
EMP0446,Vikram Rao,+91-9824718039,949740423702,Sales,54415
EMP0259,Deepika Verma,+91-9825224775,978594387028,Sales,77596
EMP0427,Amit Verma,+91-9962626207,390767604187,Admin,67318
EMP0001,Arjun Desai,+91-9895255271,119598464081,Operations,25073
EMP0158,Priya Reddy,+91-9958066693,472758802266,Operations,36881
EMP0440,Neha Kumar,+91-9745056518,372778824896,IT,65520
EMP0247,Rajesh Menon,+91-9835905433,750636128168,Sales,72160
EMP0425,Amit Menon,+91-9815449465,636809313570,IT,51598
EMP0294,Deepika Joshi,+91-9822594040,550258605374,Operations,75564
EMP0070,Suresh Verma,+91-9872143336,678482332799,IT,56456
EMP0191,Deepika Nair,+91-9832912161,422896736593,Admin,46611
EMP0466,Arjun Kulkarni,+91-9820324136,873930163118,Admin,41995
EMP0491,Priya Nair,+91-9812466389,416989654636,IT,55587
EMP0270,Rajesh Kulkarni,+91-9822390309,791921044990,Operations,47413
EMP0038,Rahul Patel,+91-9974584070,847294209564,HR,68383
EMP0397,Sanjay Menon,+91-9799863731,901140555938,IT,78032
EMP0445,Rajesh Joshi,+91-9736986753,782009359318,Admin,72835
EMP0190,Anjali Sharma,+91-9990060912,663008698592,HR,45565
EMP0129,Rahul Reddy,+91-9997506458,558069413772,Finance,71664
EMP0401,Amit Verma,+91-9953863169,931637347502,IT,46182
EMP0245,Amit Singh,+91-9876650040,724564504948,Finance,34159
EMP0098,Kavita Desai,+91-9728097228,635239451827,Admin,77605
EMP0331,Priya Singh,+91-9947305187,433029412922,Finance,45305
EMP0319,Vikram Singh,+91-9819648718,493966716311,IT,66732
EMP0448,Vikram Nair,+91-9994361016,749181407328,HR,27303
EMP0263,Sanjay Sharma,+91-9876490910,165938325337,Operations,71771
EMP0481,Sanjay Verma,+91-9764371533,692221812435,Sales,74838
EMP0281,Deepika Menon,+91-9838492321,350708997336,IT,64557
EMP0134,Amit Nair,+91-9794589618,510983961638,Admin,34719
EMP0254,Rahul Pillai,+91-9749019673,608489663650,HR,62729
EMP0460,Rahul Patel,+91-9965793199,955868432894,Sales,25025
EMP0118,Neha Reddy,+91-9988631033,784784309937,Sales,41371
EMP0353,Neha Joshi,+91-9816050816,714746589357,HR,38755
EMP0238,Kavita Singh,+91-9823910353,646268446260,IT,32018
EMP0184,Amit Rao,+91-9918139569,231852187756,Finance,84598
EMP0371,Sanjay Joshi,+91-9834773343,900649839441,HR,68482
EMP0303,Suresh Kulkarni,+91-9793905721,969759318953,Sales,46618
EMP0090,Priya Nair,+91-9942488139,384744806008,Admin,30288
EMP0021,Sneha Kulkarni,+91-9943505814,664471952629,Finance,37495
EMP0176,Kavita Singh,+91-9724979053,173073314462,HR,69845
EMP0441,Rahul Kulkarni,+91-9769961159,541382768492,Sales,38623
EMP0469,Rekha Verma,+91-9868182336,753682598295,Operations,35595
EMP0095,Kavita Kulkarni,+91-9899868543,264517448923,IT,57587
EMP0277,Kavita Kulkarni,+91-9844992165,815476769898,Sales,52841
EMP0398,Sanjay Verma,+91-9859742689,686230981137,Operations,44460
EMP0084,Amit Patel,+91-9913282985,598057623991,IT,53141
EMP0475,Priya Mehta,+91-9999883996,374488261951,Finance,53252
EMP0008,Neha Sharma,+91-9914130734,988223646296,Admin,78347
EMP0052,Manoj Kulkarni,+91-9966844537,968745747028,HR,58495
EMP0195,Neha Patel,+91-9884670538,445507138211,Operations,70190
EMP0157,Deepika Joshi,+91-9779627585,313324253325,HR,59783
EMP0391,Deepika Verma,+91-9815647372,373531614478,IT,39884
EMP0148,Manoj Pillai,+91-9878067814,404547606992,IT,61893
EMP0194,Arjun Kulkarni,+91-9821528884,958468936979,Admin,72050
EMP0268,Deepika Kulkarni,+91-9826909626,823659137238,Sales,33777
EMP0162,Sneha Singh,+91-9946954451,807229784991,Operations,77876
EMP0487,Rajesh Nair,+91-9810950004,429321228351,HR,53545
EMP0408,Suresh Gupta,+91-9955403250,854903551135,Operations,44652
EMP0204,Deepika Mehta,+91-9828188974,313167644378,Admin,64679
EMP0104,Suresh Joshi,+91-9987482556,766706386058,Operations,63664
EMP0032,Vikram Sharma,+91-9929277674,844107944014,Operations,51172
EMP0055,Sanjay Singh,+91-9842066143,950745347182,HR,79474
EMP0060,Vikram Pillai,+91-9887192829,701148427141,Sales,59028
EMP0246,Kavita Singh,+91-9938005875,947888878898,IT,68704
EMP0322,Suresh Gupta,+91-9974924512,732296656470,Admin,66513
EMP0186,Vikram Kumar,+91-9762496277,394003041243,IT,83362
EMP0271,Sneha Nair,+91-9835609406,816669424875,Sales,56955
EMP0470,Kavita Reddy,+91-9727188939,592787474153,Finance,84693
EMP0102,Sanjay Joshi,+91-9927500380,680505947170,Operations,73492
EMP0288,Priya Kumar,+91-9844330024,747617752507,Sales,33614
EMP0438,Amit Patel,+91-9764188099,700426892075,Admin,80417
EMP0488,Arjun Desai,+91-9744394556,908028076562,Finance,54554
EMP0211,Rajesh Desai,+91-9872319097,180766007910,IT,58496
EMP0189,Suresh Joshi,+91-9715373547,387119397598,Admin,79959
EMP0231,Sneha Joshi,+91-9879000599,695692846322,Finance,74295
EMP0232,Manoj Mehta,+91-9862805647,893009202480,Finance,65985
EMP0266,Vikram Joshi,+91-9950958852,577293758715,Finance,40939
EMP0078,Manoj Reddy,+91-9941748780,989930917185,HR,48045
EMP0123,Arjun Iyer,+91-9919787359,691766213088,Finance,65714
EMP0187,Rajesh Iyer,+91-9860337892,273927297444,HR,60523
EMP0028,Anjali Nair,+91-9942814987,161219993668,IT,26536
EMP0400,Pooja Sharma,+91-9753507194,151511578067,Admin,67762
EMP0160,Rahul Desai,+91-9768628234,292674508021,Admin,71257
EMP0126,Priya Gupta,+91-9766858346,966328064671,Finance,25993
EMP0499,Pooja Gupta,+91-9813349284,846720902671,Finance,67491
EMP0314,Amit Menon,+91-9919562295,267593178765,HR,71724
EMP0045,Arjun Patel,+91-9952496388,237677892434,HR,48593
EMP0373,Anjali Gupta,+91-9829979360,244240278063,Finance,47961
EMP0018,Deepika Sharma,+91-9730701004,271748787452,Operations,67639
EMP0053,Neha Mehta,+91-9873262358,864903197866,Operations,54256
EMP0067,Pooja Patel,+91-9730323315,709220949772,HR,27956
EMP0201,Suresh Gupta,+91-9939214395,342017997475,IT,26804
EMP0390,Rahul Gupta,+91-9893163344,263519501805,Admin,25481
EMP0341,Rajesh Patel,+91-9972990141,250044375394,IT,79996
EMP0177,Pooja Kulkarni,+91-9724453639,682958358493,Admin,80830
EMP0356,Kavita Nair,+91-9716223327,830579114818,Finance,54868
EMP0327,Neha Mehta,+91-9778024920,773811993342,Operations,40281
EMP0262,Suresh Pillai,+91-9978624870,869990361430,HR,42057
EMP0489,Rekha Sharma,+91-9862359553,626519569551,Admin,72626
EMP0073,Rekha Sharma,+91-9863420410,838350468448,HR,30798
EMP0399,Suresh Singh,+91-9724214567,305148585718,Operations,83685
EMP0017,Deepika Gupta,+91-9728385633,730722779037,Finance,44460
EMP0079,Rahul Rao,+91-9786875918,348388806321,Admin,37607
EMP0230,Rahul Singh,+91-9917428913,186128119627,Sales,66086
EMP0121,Sanjay Iyer,+91-9970321133,661132417724,Finance,77528
EMP0477,Vikram Kulkarni,+91-9873089124,888131606779,HR,81496
EMP0258,Sneha Joshi,+91-9948532635,658410641027,Admin,35316
EMP0007,Rahul Reddy,+91-9828983834,732491453773,HR,71461
EMP0388,Vikram Patel,+91-9728129401,938853356527,Sales,34019
EMP0418,Sanjay Sharma,+91-9926519269,879029413409,Operations,58473
EMP0047,Kavita Desai,+91-9860409656,270307985652,HR,62728
EMP0478,Sneha Singh,+91-9917825796,786536946745,HR,57776
EMP0142,Rahul Verma,+91-9987326468,430195539129,Finance,43435
EMP0387,Suresh Verma,+91-9923669070,981784084755,IT,72377
EMP0166,Anjali Iyer,+91-9786091121,430858613451,Operations,77999
EMP0349,Priya Verma,+91-9819720092,407076448344,Admin,72511
EMP0299,Kavita Rao,+91-9812371432,587959521834,Finance,76599
EMP0290,Sanjay Mehta,+91-9755275401,391252456235,Operations,61851
EMP0115,Rekha Iyer,+91-9977536318,836774503056,Admin,73759
EMP0276,Suresh Joshi,+91-9976048909,350342639367,IT,40637
EMP0244,Rahul Kumar,+91-9827689587,593423529324,Operations,29240
EMP0088,Kavita Iyer,+91-9744834905,161802606015,Finance,68742
EMP0338,Kavita Reddy,+91-9828950371,967274399137,IT,50053
EMP0411,Arjun Nair,+91-9997612155,321077604477,Sales,59142
EMP0233,Rekha Nair,+91-9862390995,463063425463,Operations,63748
EMP0014,Priya Sharma,+91-9848348905,425104371078,Operations,79975
EMP0061,Deepika Joshi,+91-9934163264,316356364652,Finance,64248
EMP0340,Rekha Sharma,+91-9983252095,929029201671,Admin,54644
EMP0063,Rahul Reddy,+91-9959110756,807019269379,Operations,67892
EMP0339,Priya Kumar,+91-9923823750,852192875134,Operations,76443
EMP0043,Arjun Kulkarni,+91-9934454530,143584801067,Finance,41733
EMP0287,Rahul Kumar,+91-9773792246,188217172971,IT,84205
EMP0291,Deepika Sharma,+91-9993599547,580931124740,Finance,42448
EMP0261,Pooja Mehta,+91-9731469274,330930001364,Finance,50628
EMP0241,Vikram Gupta,+91-9995077238,450795771483,IT,55136
EMP0379,Manoj Sharma,+91-9977528396,338016635883,Admin,37903
EMP0269,Rahul Joshi,+91-9714178362,536722042590,Sales,84992
EMP0363,Deepika Kulkarni,+91-9783725239,675394606085,Operations,34775
EMP0130,Rekha Reddy,+91-9812270411,264555544227,IT,47451
EMP0097,Kavita Kulkarni,+91-9936898498,141154052719,Operations,70845
EMP0210,Rahul Gupta,+91-9746107791,987856788253,Operations,66305
EMP0216,Pooja Iyer,+91-9881292281,115513014521,Sales,59061
EMP0122,Anjali Mehta,+91-9894893590,517507966308,Finance,47807
EMP0044,Neha Sharma,+91-9857389003,270390969369,Finance,69910
EMP0393,Rajesh Singh,+91-9781723659,489043719645,Admin,43292
EMP0434,Priya Desai,+91-9977642658,648382574392,Finance,50249
EMP0029,Arjun Reddy,+91-9913223487,214327046584,IT,67570
EMP0015,Priya Gupta,+91-9743831784,135527432411,Admin,27139
EMP0285,Sneha Mehta,+91-9810764984,352191984010,IT,28407
EMP0202,Arjun Rao,+91-9938198230,717077405673,HR,28662
EMP0051,Anjali Desai,+91-9784416197,713635121963,IT,58965
EMP0359,Pooja Joshi,+91-9940145371,128346688628,IT,73865
EMP0229,Rahul Kumar,+91-9970641870,150494932579,Operations,44491
EMP0419,Rahul Desai,+91-9724221156,671705393720,Sales,76185
EMP0378,Rekha Patel,+91-9958214872,271191449958,IT,67978
EMP0199,Pooja Menon,+91-9823218924,600905385750,HR,28565
EMP0010,Suresh Joshi,+91-9875238631,349550695568,Operations,62335
EMP0436,Rekha Joshi,+91-9819841395,719261633171,Admin,62576
EMP0367,Sanjay Menon,+91-9812351776,710985819402,Sales,71392
EMP0133,Priya Sharma,+91-9819445329,931171977176,Finance,68831
EMP0416,Arjun Desai,+91-9711951725,754154453213,HR,62059
EMP0057,Vikram Rao,+91-9895725326,460624176879,Operations,60483
EMP0326,Manoj Singh,+91-9974448928,316920906250,IT,73758
EMP0136,Suresh Iyer,+91-9955412300,232843579210,Finance,83556
EMP0376,Rekha Verma,+91-9887936845,368253009735,HR,59111
EMP0454,Vikram Pillai,+91-9793972795,570582713691,IT,84764
EMP0152,Amit Menon,+91-9749194371,802334594162,Admin,64916
EMP0248,Priya Desai,+91-9858305067,142527863758,Finance,51344
EMP0328,Sneha Sharma,+91-9773486690,864948893331,HR,45407
EMP0483,Neha Kulkarni,+91-9749273834,690138711782,HR,27932
EMP0124,Priya Sharma,+91-9897915457,521777858349,Finance,78714
EMP0321,Manoj Iyer,+91-9820753971,247477329097,Sales,47771
EMP0318,Rajesh Joshi,+91-9885959024,446702314447,Finance,44528
EMP0250,Rajesh Singh,+91-9781942451,423048417495,Finance,81986
EMP0345,Pooja Desai,+91-9825382644,760148091388,Admin,58080
EMP0151,Rekha Desai,+91-9894659389,614624709820,Admin,60322
EMP0315,Pooja Verma,+91-9970385777,514424857847,Sales,38341
EMP0415,Arjun Kumar,+91-9951354250,398768316771,Finance,67890
EMP0447,Sneha Patel,+91-9943125572,444296357289,IT,42512
EMP0449,Amit Nair,+91-9754264620,923482158115,Operations,73239
EMP0103,Arjun Rao,+91-9729547006,833123103839,Finance,47620
EMP0396,Priya Patel,+91-9738746200,742774289327,Admin,34925
EMP0066,Vikram Joshi,+91-9979762365,177112354839,Admin,54727
EMP0344,Vikram Reddy,+91-9792812987,898000621981,Finance,55186
EMP0329,Suresh Rao,+91-9973839863,583990007254,Sales,76001
EMP0213,Rahul Kumar,+91-9832527102,351872182091,IT,42256
EMP0468,Vikram Nair,+91-9961297434,308210251948,Sales,33687
EMP0212,Kavita Kulkarni,+91-9750197112,902767017971,IT,36118
EMP0492,Arjun Patel,+91-9812466389,380168166730,IT,50677
EMP0442,Rajesh Kumar,+91-9821464031,142464567990,Operations,73545
EMP0343,Manoj Verma,+91-9854221500,205894191785,Finance,58619
EMP0206,Arjun Mehta,+91-9937982508,122339421976,IT,67548
EMP0068,Kavita Pillai,+91-9774713251,836301275787,Sales,52429
EMP0037,Rahul Kumar,+91-9974909797,194109138884,IT,47319
EMP0417,Deepika Desai,+91-9735787557,215203008762,Admin,38206
EMP0209,Arjun Joshi,+91-9811173150,756487763178,HR,82884
EMP0048,Kavita Gupta,+91-9897781211,438062662848,Admin,53452
EMP0381,Manoj Gupta,+91-9787202544,163889172608,Admin,77219
EMP0039,Sneha Reddy,+91-9875086744,909389353106,IT,77155
EMP0236,Amit Menon,+91-9715920530,945993386076,Operations,44435
EMP0094,Neha Kulkarni,+91-9870218238,691240084570,Operations,66514
EMP0135,Priya Kulkarni,+91-9821652097,891296495705,IT,55229
EMP0235,Amit Reddy,+91-9797015168,348606482836,Admin,27917
EMP0432,Anjali Sharma,+91-9829350628,339254137338,Sales,77957
EMP0239,Pooja Desai,+91-9953055055,584054009302,IT,67129
EMP0203,Suresh Nair,+91-9836349040,294411882322,IT,53783
EMP0486,Priya Gupta,+91-9780569627,565726527865,IT,34291
EMP0009,Sneha Patel,+91-9894545989,317322786104,IT,35086
EMP0035,Arjun Patel,+91-9930213852,711047161628,IT,55113
EMP0265,Neha Singh,+91-9991145945,667463686926,Finance,55739
EMP0309,Manoj Sharma,+91-9933590235,169169395978,IT,60331
EMP0220,Amit Singh,+91-9757788812,730330882205,IT,48864
EMP0234,Kavita Nair,+91-9940466698,338714367971,Operations,79372
EMP0182,Sneha Iyer,+91-9859698723,978613993684,Admin,83390
EMP0164,Rekha Kumar,+91-9826862705,657131582500,HR,40137
EMP0392,Kavita Joshi,+91-9913073239,628686256326,Admin,69590
EMP0347,Arjun Gupta,+91-9996993634,812855994637,Finance,26036
EMP0096,Sneha Mehta,+91-9910655915,940305609739,Admin,56856
EMP0473,Vikram Mehta,+91-9716667215,786469146107,IT,74224
EMP0360,Arjun Verma,+91-9922964991,497945854716,Operations,65186
EMP0193,Rahul Sharma,+91-9985521288,286537489535,Finance,52325
EMP0024,Deepika Kulkarni,+91-9733653862,324690668368,HR,28479
EMP0138,Vikram Verma,+91-9786901142,198992409469,Finance,26076
EMP0316,Suresh Desai,+91-9993842638,241675684902,IT,44031
EMP0049,Priya Rao,+91-9856593391,789113451873,IT,78021
EMP0050,Sanjay Joshi,+91-9738866276,428459339552,HR,43992
EMP0025,Sanjay Pillai,+91-9985834965,780401956900,Admin,51536
EMP0264,Rekha Rao,+91-9819882647,562238024678,Operations,77660
EMP0106,Vikram Mehta,+91-9867884559,361941279718,Finance,34541
EMP0019,Deepika Reddy,+91-9731950045,431994297829,IT,68046
EMP0335,Sanjay Menon,+91-9944504942,838645823105,Operations,59696
EMP0074,Arjun Verma,+91-9993430700,380501564637,Admin,71796
EMP0159,Rekha Reddy,+91-9711092663,504066365874,HR,77432
EMP0310,Vikram Gupta,+91-9863471443,208736975230,Sales,71026
EMP0430,Deepika Singh,+91-9723759517,876786546935,IT,49600
EMP0161,Amit Desai,+91-9871549033,970806511462,Operations,31953
EMP0422,Deepika Desai,+91-9846556851,400714329311,HR,83793
EMP0087,Deepika Joshi,+91-9948606473,281205083843,Sales,60085
EMP0165,Sanjay Rao,+91-9820503353,206699897454,Operations,66764
EMP0444,Kavita Joshi,+91-9772583785,461754989002,Admin,82760
EMP0085,Priya Iyer,+91-9953221812,180620515701,IT,62822
EMP0312,Priya Reddy,+91-9946690078,574689361316,Admin,69020
EMP0002,Manoj Kulkarni,+91-9765746964,357161773363,Finance,40477
EMP0034,Vikram Verma,+91-9832913136,778139012027,Admin,46020
EMP0474,Suresh Joshi,+91-9780583644,584972645445,Finance,54265
EMP0091,Suresh Gupta,+91-9846941252,328953315992,Operations,71753
EMP0383,Anjali Reddy,+91-9872507609,865686459509,HR,69824
EMP0149,Kavita Kulkarni,+91-9728743155,838538672789,Operations,68083
EMP0351,Suresh Patel,+91-9942605899,878605204171,Operations,70402
EMP0426,Arjun Rao,+91-9888680160,604293302823,IT,70803
EMP0058,Deepika Menon,+91-9913535794,694179443853,IT,36882
EMP0374,Amit Verma,+91-9724859059,796224881612,Finance,59861
EMP0451,Priya Desai,+91-9722896926,568078374324,Finance,47708
EMP0108,Pooja Verma,+91-9998159215,981110191650,Finance,31079
EMP0267,Amit Verma,+91-9721465627,130942946614,Admin,36442
EMP0181,Priya Sharma,+91-9731816238,192234253914,HR,46369
EMP0480,Rekha Nair,+91-9890075759,930574644405,Admin,34136
EMP0219,Anjali Nair,+91-9883762399,701243459709,HR,29455
EMP0113,Amit Patel,+91-9892409590,630820472373,HR,71612
EMP0147,Kavita Joshi,+91-9898205166,291367361110,Operations,31687
EMP0293,Deepika Pillai,+91-9960344290,742105217495,IT,60893
EMP0311,Neha Gupta,+91-9815644653,196565638054,Operations,28581
EMP0243,Sneha Gupta,+91-9817609990,688185801555,HR,49463
EMP0357,Vikram Kumar,+91-9744422986,929134741552,IT,41391
EMP0498,Neha Sharma,+91-9817750441,846720902671,Finance,45066
EMP0198,Kavita Reddy,+91-9862582364,366873449738,Sales,43847
EMP0280,Anjali Desai,+91-9997653598,467640789830,Finance,37079
EMP0131,Suresh Sharma,+91-9861361034,169749861911,Finance,39245
EMP0462,Sanjay Gupta,+91-9753286999,103060151798,IT,76912
EMP0040,Suresh Reddy,+91-9992019351,278306981534,HR,71588
EMP0196,Arjun Iyer,+91-9871056874,834167638554,Operations,55947
EMP0413,Rajesh Gupta,+91-9783157619,661820054333,Admin,70386
EMP0249,Rekha Verma,+91-9941064116,988090346953,Finance,65236
EMP0394,Suresh Nair,+91-9972951524,877950168729,IT,31205
EMP0260,Kavita Rao,+91-9788122483,401564181958,HR,43217
EMP0342,Kavita Verma,+91-9892748719,944154815743,Operations,74509
EMP0295,Suresh Mehta,+91-9974863885,861019473489,HR,51642
EMP0132,Arjun Mehta,+91-9785727956,458917949531,Finance,47697
EMP0407,Rahul Pillai,+91-9925912603,975745178897,Admin,42027
EMP0272,Deepika Singh,+91-9741034488,677814092127,IT,47031
EMP0016,Priya Kumar,+91-9722729666,959199887012,HR,80187
EMP0012,Rekha Gupta,+91-9935094671,384282746679,HR,63247
EMP0453,Sanjay Singh,+91-9884962769,362180722171,Sales,30207
EMP0076,Neha Kumar,+91-9818911606,927744369510,HR,65740
EMP0128,Amit Iyer,+91-9734078517,782772639308,Sales,27182
EMP0167,Sanjay Mehta,+91-9843948687,180036107945,Admin,65978
EMP0207,Anjali Patel,+91-9863609066,584824331919,Finance,45923
EMP0476,Manoj Pillai,+91-9828717064,482991954173,Operations,48001
EMP0237,Kavita Patel,+91-9742272171,939016955228,HR,31396
EMP0471,Neha Kumar,+91-9796527058,272151805656,Finance,60046
EMP0334,Sneha Pillai,+91-9829043567,194281978012,HR,60238
EMP0141,Amit Kumar,+91-9983700179,438161085889,Admin,45451
EMP0320,Anjali Menon,+91-9948034601,225782396675,HR,32572
EMP0255,Rekha Iyer,+91-9712017905,492292294814,Finance,53810
EMP0348,Vikram Sharma,+91-9920135903,323056002226,Admin,73321
EMP0223,Kavita Mehta,+91-9987644203,764869451581,Sales,78263
EMP0304,Kavita Gupta,+91-9767007698,931589707634,Finance,54098
EMP0369,Arjun Desai,+91-9869831321,242717923587,Operations,84552
EMP0026,Vikram Verma,+91-9916465253,775478575757,HR,35025
EMP0081,Deepika Kumar,+91-9824434614,718201862410,Sales,43128
EMP0337,Rekha Patel,+91-9757289909,684406252518,IT,31689
EMP0306,Priya Patel,+91-9990998807,440869303051,Operations,54967
EMP0178,Amit Verma,+91-9949086061,637382846694,Sales,65026
EMP0069,Priya Rao,+91-9981139089,599621701880,Sales,29697
EMP0406,Amit Verma,+91-9741760257,487671809386,HR,74846
EMP0431,Suresh Patel,+91-9763706822,880564702827,Sales,80802
EMP0253,Anjali Mehta,+91-9940208770,119628647424,Finance,64459
EMP0364,Priya Desai,+91-9847232900,804263617685,Sales,34496
EMP0279,Rekha Patel,+91-9958598731,972081701347,Admin,81036
EMP0114,Suresh Patel,+91-9980840400,993079484537,HR,53370
EMP0457,Pooja Singh,+91-9979673382,194498019072,Sales,36062
EMP0107,Rajesh Mehta,+91-9955135460,656663374115,Operations,26053
EMP0036,Manoj Menon,+91-9716783527,582272772703,IT,71954
EMP0224,Kavita Kumar,+91-9744274369,658740879658,Admin,35830
EMP0307,Vikram Kulkarni,+91-9841802896,459147203626,Operations,84379
EMP0064,Suresh Desai,+91-9893557115,461142291989,Finance,65032
EMP0023,Vikram Singh,+91-9782878103,184775399120,Operations,37255
EMP0439,Vikram Menon,+91-9994904829,168670246228,HR,63805
EMP0330,Rekha Patel,+91-9931391265,640606146924,Finance,55984
EMP0005,Vikram Pillai,+91-9975414184,875015677199,Admin,79162
EMP0127,Priya Reddy,+91-9975200955,869354106554,Finance,39122
EMP0033,Manoj Kulkarni,+91-9958485123,340969462684,Admin,81222
EMP0251,Sanjay Pillai,+91-9978516539,572144886379,Operations,35176
EMP0227,Suresh Gupta,+91-9780320535,912702105923,HR,71826
EMP0461,Kavita Kulkarni,+91-9744112000,805684427825,Operations,32392
EMP0283,Vikram Iyer,+91-9711097059,346790331125,Finance,68318
EMP0100,Neha Kumar,+91-9979006637,503261894621,Finance,57386
EMP0200,Pooja Joshi,+91-9816023513,204576417988,Admin,46463
EMP0020,Sanjay Joshi,+91-9767008996,203602652212,Finance,36473
